{"cameraMode":{"drawMode":0,"name":"Shaded","section":"Shading Mode"},"sceneLighting":true,"audioPlay":false,"sceneViewState":{"m_AlwaysRefresh":false,"showFog":true,"showSkybox":true,"showFlares":true,"showImageEffects":true,"showParticleSystems":true,"showVisualEffectGraphs":true,"m_FxEnabled":true},"in2DMode":false,"pivot":{"x":-0.1612054705619812,"y":5.587368965148926,"z":-0.5092266798019409},"rotation":{"x":0.05187227949500084,"y":-0.014979985542595387,"z":0.0007779210573062301,"w":0.9985902905464172},"size":27.097103118896486,"orthographic":true}