{"cameraMode":{"drawMode":0,"name":"Shaded","section":"Shading Mode"},"sceneLighting":true,"audioPlay":false,"sceneViewState":{"m_AlwaysRefresh":false,"showFog":true,"showSkybox":true,"showFlares":true,"showImageEffects":true,"showParticleSystems":true,"showVisualEffectGraphs":true,"m_FxEnabled":true},"in2DMode":false,"pivot":{"x":-24.224746704101564,"y":14.531057357788086,"z":226.66156005859376},"rotation":{"x":0.01616954430937767,"y":0.050069551914930347,"z":0.0008106057648546994,"w":-0.9986182451248169},"size":120.3306884765625,"orthographic":false}