{"cameraMode":{"drawMode":0,"name":"Shaded","section":"Shading Mode"},"sceneLighting":false,"audioPlay":false,"sceneViewState":{"m_AlwaysRefresh":false,"showFog":true,"showSkybox":true,"showFlares":true,"showImageEffects":true,"showParticleSystems":true,"showVisualEffectGraphs":true,"m_FxEnabled":true},"in2DMode":false,"pivot":{"x":-12.31341552734375,"y":3.8507890701293947,"z":3.2129287719726564},"rotation":{"x":0.14391104876995088,"y":-0.4457079768180847,"z":0.07283799350261688,"w":0.8805397152900696},"size":3.5736169815063478,"orthographic":false}