{"cameraMode":{"drawMode":0,"name":"Shaded","section":"Shading Mode"},"sceneLighting":false,"audioPlay":false,"sceneViewState":{"m_AlwaysRefresh":false,"showFog":true,"showSkybox":false,"showFlares":true,"showImageEffects":true,"showParticleSystems":true,"showVisualEffectGraphs":true,"m_FxEnabled":true},"in2DMode":false,"pivot":{"x":-0.6240510940551758,"y":1.9548077583312989,"z":-1.238612174987793},"rotation":{"x":0.21372587978839875,"y":-0.14416347444057465,"z":0.031901661306619647,"w":0.9656829833984375},"size":9.483489990234375,"orthographic":false}